{
    "modelo_seleccionado": "LogisticRegression",
    "test_accuracy": 0.8894373149062191,
    "test_f1_macro": 0.7962883162400529,
    "classification_report": {
        "N": {
            "precision": 0.919953596287703,
            "recall": 0.9485645933014354,
            "f1-score": 0.934040047114252,
            "support": 836.0
        },
        "Y": {
            "precision": 0.7152317880794702,
            "recall": 0.6101694915254238,
            "f1-score": 0.6585365853658537,
            "support": 177.0
        },
        "accuracy": 0.8894373149062191,
        "macro avg": {
            "precision": 0.8175926921835865,
            "recall": 0.7793670424134296,
            "f1-score": 0.7962883162400529,
            "support": 1013.0
        },
        "weighted avg": {
            "precision": 0.8841828558604008,
            "recall": 0.8894373149062191,
            "f1-score": 0.8859017324750946,
            "support": 1013.0
        }
    },
    "filas_train": 7105,
    "filas_validation": 2005,
    "filas_test": 1013,
    "columnas_x": 19
}